[
    {
      "name": "Longsword",
      "category": "Weapon (Martial Melee)",
      "description": "A versatile, one-handed sword with a long blade, favored by knights and soldiers.",
      "properties": {
        "Damage": "1d8 slashing (Versatile 1d10)",
        "Properties": ["Versatile"],
        "Mastery": "Sap (on hit, impose disadvantage on target’s next attack roll】"
      },
      "cost": "15 gp",
      "weight": "3 lb"
    },
    {
      "name": "Shortbow",
      "category": "Weapon (Simple Ranged)",
      "description": "A smaller bow made of wood, easy to handle from horseback or in tight quarters.",
      "properties": {
        "Damage": "1d6 piercing",
        "Properties": ["Two-Handed", "Ammunition (range 80/320)"],
        "Mastery": "Vex (on hit, gain advantage on next attack vs same target】"
      },
      "cost": "25 gp",
      "weight": "2 lb"
    },
    {
      "name": "Leather Armor",
      "category": "Armor (Light)",
      "description": "A jacket and leggings of toughened leather. Offers basic protection without hindering movement.",
      "properties": {
        "AC": "11 + Dexterity modifier",
        "Stealth": "No disadvantage",
        "Strength Requirement": "None"
      },
      "cost": "10 gp",
      "weight": "10 lb"
    },
    {
      "name": "Chain Mail",
      "category": "Armor (Heavy)",
      "description": "Interlocking metal rings worn over padding. Protects well but is noisy and heavy.",
      "properties": {
        "AC": "16",
        "Stealth": "Disadvantage on Stealth checks (due to clinking metal】",
        "Strength Requirement": "Str 13 (if not met, speed reduced)"
      },
      "cost": "75 gp",
      "weight": "55 lb"
    },
    {
      "name": "Shield",
      "category": "Armor (Shield)",
      "description": "Wooden or metal handheld shield. Increases defense when wielded.",
      "properties": {
        "AC": "+2 (when equipped in one hand)",
        "Stealth": "—",
        "Strength Requirement": "None"
      },
      "cost": "10 gp",
      "weight": "6 lb"
    },
    {
      "name": "Explorer’s Pack",
      "category": "Adventuring Gear",
      "description": "A backpack containing essential gear for exploration: a bedroll, mess kit, tinderbox, torches, rations, and waterskin, plus 50 feet of hempen rope strapped to the side.",
      "properties": {
        "Includes": "Backpack, Bedroll, Mess kit, Tinderbox, 10 Torches, 10 days Rations, Waterskin, 50 ft. Hempen Rope"
      },
      "cost": "10 gp",
      "weight": "59 lb (approximately when full)"
    },
    {
      "name": "Backpack",
      "category": "Adventuring Gear",
      "description": "A sturdy leather backpack with straps. It can hold up to 1 cubic foot/30 pounds of gear inside.",
      "properties": {
        "Capacity": "Up to 30 lb of gear"
      },
      "cost": "2 gp",
      "weight": "5 lb (empty)"
    },
    {
      "name": "50 ft. Hempen Rope",
      "category": "Adventuring Gear",
      "description": "A 50-foot length of hempen rope. Useful for climbing, tying, or securing items.",
      "properties": {
        "Tensile Strength": "Can hold about 1,000 lb of weight before breaking"
      },
      "cost": "1 gp",
      "weight": "10 lb"
    },
    {
      "name": "Torch",
      "category": "Adventuring Gear",
      "description": "A wooden torch wrapped in oil-soaked cloth. When lit, it burns for 1 hour, providing bright light in a 20-foot radius (and dim light 20 feet further).",
      "properties": {
        "Light": "Bright light 20 ft, dim light additional 20 ft; burns 1 hour",
        "Special": "Can be used as an improvised melee weapon (1 fire damage)"
      },
      "cost": "1 cp",
      "weight": "1 lb"
    },
    {
      "name": "Rations (1 day)",
      "category": "Adventuring Gear",
      "description": "Dried foods suitable for travel: jerky, dried fruit, hardtack. One day's worth of sustenance for one person.",
      "properties": {
        "Uses": "Consumed to avoid starvation during travel"
      },
      "cost": "5 sp (per day)",
      "weight": "2 lb"
    },
    {
      "name": "Crowbar",
      "category": "Tool",
      "description": "A metal bar with a curved, forked end. Grants leverage for prying objects open or breaking through barriers.",
      "properties": {
        "Usage": "Using a crowbar gives advantage on Strength checks made to force open a door or container"
      },
      "cost": "2 gp",
      "weight": "5 lb"
    },
    {
      "name": "Lantern, Hooded",
      "category": "Adventuring Gear",
      "description": "A hooded lantern that burns oil to produce light. You can lower the hood to dim the light.",
      "properties": {
        "Light": "Bright light 30 ft, dim light 30 ft (can be reduced to dim 5 ft when hooded)",
        "Fuel": "Burns 1 pint of oil in 6 hours"
      },
      "cost": "5 gp",
      "weight": "2 lb"
    },
    {
      "name": "Waterskin",
      "category": "Adventuring Gear",
      "description": "A sturdy leather pouch for carrying water (or other liquids). Can hold up to 4 pints of liquid.",
      "properties": {
        "Capacity": "2 quarts (roughly 4 pints of liquid)"
      },
      "cost": "2 sp",
      "weight": "5 lb (full)"
    }
  ]
  