[
    {
        "class": "Barbarian",
        "subclass": "Path of the Berserker",
        "features": {
            "3": [
                {
                    "name": "Frenzy",
                    "description": "While raging, you can choose to go into a Frenzy. For the duration of your Rage, you can make a single melee weapon attack as a Bonus Action on each of your turns after this one. When your Rage ends, you suffer one level of Exhaustion."
                }
            ],
            "6": [
                {
                    "name": "Mindless Rage",
                    "description": "You cannot be Charmed or Frightened while raging. If you are Charmed or Frightened when you enter your Rage, those effects are suspended for the duration of the Rage."
                }
            ],
            "10": [
                {
                    "name": "Retaliation",
                    "description": "When you take damage from a creature within 5 feet of you, you can use your Reaction to make a melee weapon attack against that creature."
                }
            ],
            "14": [
                {
                    "name": "Intimidating Presence",
                    "description": "As a Bonus Action, you can attempt to frighten someone with your menacing presence. Choose one creature within 30 feet that can see or hear you. It must make a Wisdom saving throw (DC 8 + Str mod + Prof) or be Frightened of you for 1 minute. The target can repeat the save at end of each of its turns, ending the effect on a success. Once you successfully use this feature on a creature, you can’t use it again until you finish a Long Rest (or expend a Rage use to do it again)."
                }
            ]
        }
    },
    {
        "class": "Bard",
        "subclass": "College of Lore",
        "features": {
            "3": [
                {
                    "name": "Bonus Proficiencies",
                    "description": "You gain proficiency in three additional skills of your choice."
                },
                {
                    "name": "Cutting Words",
                    "description": "When a creature you can see within 60 feet makes a damage roll or succeeds on an attack roll or ability check, you can use your Reaction to expend a use of Bardic Inspiration, rolling your Bardic Inspiration die and subtracting the number rolled from the creature’s roll, potentially turning a success into a failure or reducing the damage."
                }
            ],
            "6": [
                {
                    "name": "Magical Discoveries",
                    "description": "You learn two spells of your choice from the Cleric, Druid, or Wizard spell lists. They count as Bard spells for you and are always prepared, and do not count against the number of spells you can prepare. Whenever you gain a Bard level, you can replace one of these spells with another spell of the same level from those classes’ lists."
                }
            ],
            "14": [
                {
                    "name": "Peerless Skill",
                    "description": "When you make an ability check and fail, you can expend one use of Bardic Inspiration, roll a Bardic Inspiration die, and add it to your check, possibly turning failure into success. If it still fails, the Bardic Inspiration is not expended."
                }
            ]
        }
    },
    {
        "class": "Cleric",
        "subclass": "Life Domain",
        "features": {
            "3": [
                {
                    "name": "Disciple of Life",
                    "description": "Your healing spells are more effective. When you cast a spell of 1st level or higher that restores hit points to a creature, that creature regains additional hit points equal to 2 + the spell’s level."
                },
                {
                    "name": "Life Domain Spells",
                    "description": "You always have certain spells prepared: Bless, Cure Wounds, and Lesser Restoration at 3rd; Spiritual Weapon and Aid at 5th; Beacon of Hope and Revivify at 7th; Death Ward and Aura of Life at 9th. These do not count against your prepared spells."
                },
                {
                    "name": "Channel Divinity: Preserve Life",
                    "description": "As a Magic action, you present your holy symbol and evoke healing energy. Choose any creatures within 30 feet (up to 5) and divide a number of hit points equal to 5 × your Cleric level among them, restoring hit points. You cannot restore a creature above half its hit point maximum with this feature. (Uses your Channel Divinity.)"
                }
            ],
            "6": [
                {
                    "name": "Blessed Healer",
                    "description": "When you cast a spell of 1st level or higher that restores hit points to a creature other than you, you also regain hit points equal to 2 + the spell’s level."
                }
            ],
            "10": [
                {
                    "name": "Divine Strike",
                    "description": "Once on each of your turns when you hit a creature with a weapon attack, you can cause the attack to deal an extra 1d8 radiant damage. When you reach 17th level, this extra damage increases to 2d8."
                }
            ],
            "14": [
                {
                    "name": "Supreme Healing",
                    "description": "When you roll dice to determine the hit points a spell restores, treat any 1s on those dice as the highest possible number (maximized healing)."
                }
            ]
        }
    },
    {
        "class": "Druid",
        "subclass": "Circle of the Land",
        "features": {
            "3": [
                {
                    "name": "Circle of the Land Spells",
                    "description": "When you finish a Long Rest, choose a land type (Arid, Polar, Temperate, Tropical). You gain bonus spells prepared based on that land: e.g., Arid (Blur, Burning Hands at 3rd; Fireball at 5th; etc.), Polar (Fog Cloud, Hold Person at 3rd; Sleet Storm at 5th; etc.), Temperate (Misty Step, Sleep at 3rd; Lightning Bolt at 5th; etc.), Tropical (Acid Splash, Ray of Sickness at 3rd; Stinking Cloud at 5th; etc.). These spells are always prepared and don’t count against your prepared spells."
                },
                {
                    "name": "Land’s Aid",
                    "description": "You can expend a use of Wild Shape to channel nature’s power and create a 10-foot radius of flora around a point within 60 feet for instantaneous effect: each chosen creature in the area must succeed on a CON save or take 2d6 necrotic damage, and one creature of your choice in the area regains 2d6 hit points. (Damage/healing increase by 1d6 at levels 10 and 14.)"
                }
            ],
            "6": [
                {
                    "name": "Land’s Stride",
                    "description": "Moving through nonmagical difficult terrain costs you no extra movement. You also have advantage on saving throws against magically created plants that impede movement (such as Entangle)."
                }
            ],
            "10": [
                {
                    "name": "Nature’s Ward",
                    "description": "You are immune to the poisoned condition and poison damage. Additionally, choose your current land type (from Circle Spells); you gain resistance to one damage type associated with that land (Arid: Fire, Polar: Cold, Temperate: Lightning, Tropical: Poison)."
                }
            ],
            "14": [
                {
                    "name": "Nature’s Sanctuary",
                    "description": "As a Magic action, you can expend a use of Wild Shape to create a 15-foot cube of spectral vegetation at a point within 120 feet. It lasts 1 minute. You and allies in the area have half-cover and also gain your Nature’s Ward resistance while in the area. As a Bonus Action, you can move this cube up to 60 feet. (This essentially summons protective nature spirits.)"
                }
            ]
        }
    },
    {
        "class": "Fighter",
        "subclass": "Champion",
        "features": {
            "3": [
                {
                    "name": "Improved Critical",
                    "description": "Your weapon attacks score a critical hit on a roll of 19 or 20 on the d20."
                },
                {
                    "name": "Remarkable Athlete",
                    "description": "You add half your proficiency bonus (rounded up) to any Strength, Dexterity, or Constitution check you make that doesn’t already include your proficiency. In addition, your running long jump distance increases by a number of feet equal to your Strength modifier."
                }
            ],
            "7": [
                {
                    "name": "Additional Fighting Style",
                    "description": "You can choose a second Fighting Style feat."
                }
            ],
            "10": [
                {
                    "name": "Heroic Warrior",
                    "description": "If you have no Heroic Inspiration at the start of combat, you gain Heroic Inspiration (a free d20 re-roll) automatically. This encourages bold action and exemplifies your champion spirit."
                }
            ],
            "15": [
                {
                    "name": "Superior Critical",
                    "description": "Your weapon attacks score a critical hit on a roll of 18–20 on the d20."
                }
            ],
            "18": [
                {
                    "name": "Survivor",
                    "description": "At the start of each of your turns, if you have no more than half your hit points left, you regain 5 + Constitution modifier hit points. You don’t gain this benefit if you have 0 hit points."
                }
            ]
        }
    },
    {
        "class": "Monk",
        "subclass": "Way of the Open Hand (Warrior of the Open Hand)",
        "features": {
            "3": [
                {
                    "name": "Open Hand Technique",
                    "description": "Whenever you hit a creature with one of the attacks granted by Flurry of Blows, you can impose one of the following effects: (1) It can’t take reactions until the end of your next turn; (2) It must succeed on a STR save or be pushed up to 15 ft away; (3) It must succeed on a DEX save or be knocked prone."
                }
            ],
            "6": [
                {
                    "name": "Wholeness of Body",
                    "description": "As a Bonus Action, you can regain hit points equal to three times your Monk level. You can use this feature once per Long Rest."
                }
            ],
            "11": [
                {
                    "name": "Fleet Step",
                    "description": "When you use a Bonus Action other than Step of the Wind, you can immediately also take the Step of the Wind effect (Disengage or Dash) after that bonus action without spending additional Focus."
                }
            ],
            "17": [
                {
                    "name": "Quivering Palm",
                    "description": "When you hit a creature with an unarmed strike, you can spend 4 Focus Points to start imperceptible vibrations in its body. At any time within the next number of days equal to your Monk level, you can use an Action to end the vibrations, forcing the creature to make a CON save. On a failed save, it is reduced to 0 HP. On a success, it takes 10d10 necrotic damage. You can have only one creature under this effect at a time."
                }
            ]
        }
    },
    {
        "class": "Paladin",
        "subclass": "Oath of Devotion",
        "features": {
            "3": [
                {
                    "name": "Oath Spells",
                    "description": "You always have certain spells prepared: Protection from Evil and Good, Shield of Faith (3rd); Zone of Truth, Aid (5th); Beacon of Hope, Dispel Magic (9th); Freedom of Movement, Guardian of Faith (13th); Commune, Flame Strike (17th)."
                },
                {
                    "name": "Channel Divinity: Sacred Weapon",
                    "description": "As an Action, imbue one weapon with positive energy for 1 minute. It adds your Charisma modifier to attack rolls (minimum +1) and emits bright light 20 ft. If the weapon isn’t already magical, it becomes magical for the duration. You can’t be disarmed of it unless incapacitated."
                }
            ],
            "6": [
                {
                    "name": "Aura of Devotion",
                    "description": "You and allies within 10 ft cannot be Charmed while you are conscious. (Aura increases to 30 ft at Paladin 18.)"
                }
            ],
            "10": [
                {
                    "name": "Purity of Spirit",
                    "description": "You are always under the effects of Protection from Evil and Good spell."
                }
            ],
            "14": [
                {
                    "name": "Holy Nimbus",
                    "description": "As a Bonus Action, you can emanate sunlight (30 ft radius) for 1 minute. Fiends and Undead in the light take 10 radiant damage at the start of their turns. In addition, for the duration, you have advantage on saving throws against spells cast by Fiends or Undead."
                }
            ],
            "18": [
                {
                    "name": "Unbreakable Devotion",
                    "description": "If you drop to 0 HP and don’t die outright, you can choose to drop to 1 HP instead. You can use this once per Long Rest (similar to Relentless Endurance)."
                }
            ]
        }
    },
    {
        "class": "Ranger",
        "subclass": "Hunter",
        "features": {
            "3": [
                {
                    "name": "Hunter’s Lore",
                    "description": "Whenever you have Hunter’s Mark active on a creature, you learn whether that creature has any immunities, resistances, or vulnerabilities, and what they are."
                },
                {
                    "name": "Hunter’s Prey",
                    "description": "Choose one of the following benefits: Colossus Slayer (once per turn, your weapon attack deals +1d8 damage to a creature below its HP maximum); Giant Killer (when a Large or larger creature adjacent to you attacks you, you can use your Reaction to attack it); Horde Breaker (once on your turn, when you hit a creature with a weapon attack, you can make another attack against a different creature within 5 ft of the original target). You can switch this choice whenever you finish a Short or Long Rest."
                }
            ],
            "7": [
                {
                    "name": "Defensive Tactics",
                    "description": "Choose one of the following benefits: Escape the Horde (Opportunity attacks against you have disadvantage); Multiattack Defense (when a creature hits you, it has disadvantage on subsequent attacks against you for the rest of the turn); Steel Will (you have advantage on saves vs being Frightened). You can switch this choice on a Short or Long Rest."
                }
            ],
            "11": [
                {
                    "name": "Superior Hunter’s Prey",
                    "description": "Once per turn, when you hit the creature you’ve marked with Hunter’s Mark, you can apply the Hunter’s Mark damage to a different target within 30 feet of the original target (effectively splashing the damage to a second creature)."
                }
            ],
            "15": [
                {
                    "name": "Superior Hunter’s Defense",
                    "description": "When you fail a saving throw or take damage, you can use your Reaction to halve the damage against you and potentially reflect some effect. (In 2014: Evasion-like effect or Stand Against Tide; in 2024 likely Resist damage by Reaction)."
                }
            ]
        }
    },
    {
        "class": "Rogue",
        "subclass": "Thief",
        "features": {
            "3": [
                {
                    "name": "Fast Hands",
                    "description": "You can use the Use an Object action (pick locks, disarm traps, etc.) as a Bonus Action on your turn (in addition to the usual Cunning Action options)."
                },
                {
                    "name": "Second-Story Work",
                    "description": "You gain a climb speed equal to your walking speed, and when you make a running jump, the distance you cover increases by a number of feet equal to your Dexterity modifier."
                }
            ],
            "9": [
                {
                    "name": "Supreme Sneak",
                    "description": "You have advantage on Stealth checks if you move no more than half your speed on the same turn."
                }
            ],
            "13": [
                {
                    "name": "Use Magic Device",
                    "description": "You can ignore class, race, and level requirements when using magic items. You can attune to up to four magic items at once. When you use a magic item that has charges, it has a chance (on a d6 roll of 6) not to expend charges. You can use spell scrolls of any class (if spell level is higher than you could normally cast, you must make an Int (Arcana) check to use it)."
                }
            ],
            "17": [
                {
                    "name": "Thief’s Reflexes",
                    "description": "You are extraordinarily quick. You can take two turns during the first round of any combat: one at your normal initiative, and an additional turn at initiative count minus 10."
                }
            ]
        }
    },
    {
        "class": "Sorcerer",
        "subclass": "Draconic Sorcery (Draconic Bloodline)",
        "features": {
            "1": [
                {
                    "name": "Draconic Resilience",
                    "description": "Your hit point maximum increases by 1 per sorcerer level. Additionally, parts of your skin are covered by thin dragon-like scales; when you are not wearing armor, your base AC equals 13 + Dex mod."
                }
            ],
            "1 (bonus)": [
                {
                    "name": "Dragon Ancestor",
                    "description": "Choose one type of dragon as your ancestor (e.g., Red/Fire, Blue/Lightning, etc.). This determines the damage type of many of your features (breath weapon for Dragonborn Sorcerers; but here likely affects Elemental Affinity at level 6). You can also speak, read, write Draconic."
                }
            ],
            "6": [
                {
                    "name": "Elemental Affinity",
                    "description": "When you cast a spell that deals damage of the type associated with your Draconic ancestry (Acid, Cold, Fire, Lightning, or Poison), you add your Charisma modifier to one damage roll of that spell. Additionally, you gain resistance to that damage type."
                }
            ],
            "14": [
                {
                    "name": "Dragon Wings",
                    "description": "You sprout a pair of draconic wings from your back, gaining a flying speed equal to your current speed. You can manifest or dismiss these wings as a Bonus Action. You can’t manifest them while wearing armor unless the armor is made to accommodate them."
                }
            ],
            "18": [
                {
                    "name": "Dragon Companion",
                    "description": "You can cast the Summon Draconic Spirit spell without material components. You can also cast it once without a spell slot, regaining this ability after a Long Rest. Additionally, when you cast it, you can choose to have it not require concentration, but if you do, its duration is reduced to 1 minute."
                }
            ]
        }
    },
    {
        "class": "Warlock",
        "subclass": "Fiend Patron",
        "features": {
            "1": [
                {
                    "name": "Expanded Spell List",
                    "description": "The Fiend lets you choose from an expanded list of spells when you learn Warlock spells. The following spells are added to the warlock spell list for you: Burning Hands, Command (1st); Blindness/Deafness, Scorching Ray (2nd); Fireball, Stinking Cloud (3rd); Fire Shield, Wall of Fire (4th); Flame Strike, Hallow (5th)."
                },
                {
                    "name": "Dark One’s Blessing",
                    "description": "When you reduce a hostile creature to 0 hit points, you gain temporary hit points equal to your Charisma modifier + your Warlock level (minimum 1)."
                }
            ],
            "3": [
                {
                    "name": "Fiend Spells",
                    "description": "You always have certain spells prepared due to your fiendish patron: Burning Hands, Command, Scorching Ray, Suggestion at 3rd; Fireball, Stinking Cloud at 5th; Fire Shield, Wall of Fire at 7th; Geas, Insect Plague at 9th. They don’t count against spells known."
                }
            ],
            "6": [
                {
                    "name": "Dark One’s Own Luck",
                    "description": "When you make an ability check or a saving throw, you can add a d10 to your roll after seeing the result but before effects occur. Once you do so, you must finish a Long Rest before you can use this feature again (or spend a Pact Magic slot to use it again, per 2024 rules)."
                }
            ],
            "10": [
                {
                    "name": "Fiendish Resilience",
                    "description": "When you finish a short or long rest, choose one damage type other than force. You gain resistance to that type until you rest again."
                }
            ],
            "14": [
                {
                    "name": "Hurl Through Hell",
                    "description": "Once per turn when you hit a creature, you can force it to make a Charisma save against your spell-save DC. On a failure, it vanishes into the Lower Planes, taking 8d10 psychic damage (unless it’s a fiend) and is incapacitated until the end of your next turn, then returns to its former space (or the nearest empty one). You regain this ability after a long rest, or sooner by expending a Pact Magic slot."
                }
            ]
        }
    }
]