[
    {
      "name": "Club",
      "damage": "1d4 bludgeoning",
      "properties": ["Light"],
      "mastery": "Slow – If you hit a creature with this weapon, you can reduce its speed by 10 feet until the start of your next tur】. (Multiple hits don’t stack additional slowdown beyond 10 feet.)"
    },
    {
      "name": "Dagger",
      "damage": "1d4 piercing",
      "properties": ["Finesse", "Light", "Thrown (20/60)"],
      "mastery": "Nick – When engaging in two-weapon fighting, you can make the off-hand extra attack as part of the Attack action instead of as a Bonus Actio】. (You still only get one extra attack per turn.) This makes dual-wielding more fluid."
    },
    {
      "name": "Greatclub",
      "damage": "1d8 bludgeoning",
      "properties": ["Two-Handed"],
      "mastery": "Push – If you hit a creature with this weapon, you can push the creature up to 10 feet straight away from yo】, provided it is Large or smaller."
    },
    {
      "name": "Handaxe",
      "damage": "1d6 slashing",
      "properties": ["Light", "Thrown (20/60)"],
      "mastery": "Vex – If you hit a creature with this weapon, you have advantage on your next attack roll against that creature before the end of your next tur】. (This encourages focusing on one target by exploiting a weak spot.)"
    },
    {
      "name": "Javelin",
      "damage": "1d6 piercing",
      "properties": ["Thrown (30/120)"],
      "mastery": "Slow – On a hit, you can reduce the target’s speed by 10 feet until the start of your next turn (as with the Slow property】."
    },
    {
      "name": "Light Hammer",
      "damage": "1d4 bludgeoning",
      "properties": ["Light", "Thrown (20/60)"],
      "mastery": "Nick – When dual-wielding Light hammers, you can make the off-hand attack as part of the Attack action instead of using your Bonus Action (similar to Dagger’s mastery】."
    },
    {
      "name": "Mace",
      "damage": "1d6 bludgeoning",
      "properties": [],
      "mastery": "Sap – If you hit a creature with this weapon, that creature has disadvantage on its next attack roll before the start of your next tur】. (A concussive blow makes it less effective at striking back.)"
    },
    {
      "name": "Sickle",
      "damage": "1d4 slashing",
      "properties": ["Light"],
      "mastery": "Nick – (See Dagger.) The sickle’s mastery allows the off-hand extra attack to be made as part of the Attack action once per turn."
    },
    {
      "name": "Spear",
      "damage": "1d6 piercing (1d8 versatile)",
      "properties": ["Thrown (20/60)", "Versatile"],
      "mastery": "Sap – On a hit, the target has disadvantage on its next attack roll until your next tur】 (the spear’s jab rattles the foe)."
    },
    {
      "name": "Light Crossbow",
      "damage": "1d8 piercing",
      "properties": ["Ammunition (80/320)", "Loading", "Two-Handed"],
      "mastery": "Slow – If you hit, you reduce the target’s speed by 10 feet until the start of your next tur】. (A well-placed bolt hinders movement.)"
    },
    {
      "name": "Shortbow",
      "damage": "1d6 piercing",
      "properties": ["Ammunition (80/320)", "Two-Handed"],
      "mastery": "Vex – Hitting a creature grants you advantage on your next attack roll against that same creature before end of your next tur】."
    },
    {
      "name": "Sling",
      "damage": "1d4 bludgeoning",
      "properties": ["Ammunition (30/120)"],
      "mastery": "Slow – A struck target’s speed is lowered by 10 feet until the start of your next turn (the sling stone momentarily disorients the target】."
    },
    {
      "name": "Battleaxe",
      "damage": "1d8 slashing (1d10 versatile)",
      "properties": ["Versatile"],
      "mastery": "Topple – If you hit a creature with this weapon, you can force it to make a Constitution saving throw (DC = 8 + your attack mod + Prof). On a failure, it falls pron】. (The battleaxe can knock foes off their feet.)"
    },
    {
      "name": "Flail",
      "damage": "1d8 bludgeoning",
      "properties": [],
      "mastery": "Sap – A hit from a flail imposes disadvantage on the target’s next attack roll before the start of your next tur】. (The chain of the flail throws off the enemy’s balance.)"
    },
    {
      "name": "Glaive",
      "damage": "1d10 slashing",
      "properties": ["Heavy", "Reach", "Two-Handed"],
      "mastery": "Graze – When you miss a creature with this weapon, you still deal damage equal to your ability modifier used for the attac】 (the target takes a grazing wound). This property only applies if the attack miss was within normal reach/range."
    },
    {
      "name": "Greataxe",
      "damage": "1d12 slashing",
      "properties": ["Heavy", "Two-Handed"],
      "mastery": "Cleave – If you hit a creature with a melee attack using this weapon, you can immediately make another attack with the greataxe against a different creature within 5 feet of the original target and within your reac】. This extra attack can only be made once per turn and does not add your ability mod to damage."
    },
    {
      "name": "Greatsword",
      "damage": "2d6 slashing",
      "properties": ["Heavy", "Two-Handed"],
      "mastery": "Graze – If you miss with a greatsword attack, you still deal damage to the target equal to your Strength modifier (minimum 0】. Your wide swing clips the foe even on a miss."
    },
    {
      "name": "Halberd",
      "damage": "1d10 slashing",
      "properties": ["Heavy", "Reach", "Two-Handed"],
      "mastery": "Cleave – On a hit, you can make an additional melee attack with the halberd against a second creature within 5 feet of the first target (and within your reach&#8203;:contentReference[oaicite:0]{index=0}】. This secondary attack, once per turn, deals normal weapon damage but without adding your ability modifier."
    },
    {
      "name": "Lance",
      "damage": "1d12 piercing",
      "properties": ["Reach", "Special"],
      "mastery": "Topple – A lance strike can unhorse foes. On hit, you can force a CON save (DC = 8 + attack mod + Prof) or knock the target pron】. (Lances are unwieldy to use on foot; special: disadvantage to attack targets within 5 feet.)"
    },
    {
      "name": "Longsword",
      "damage": "1d8 slashing (1d10 versatile)",
      "properties": ["Versatile"],
      "mastery": "Sap – A precise slash causes the target to falter. A creature hit by a longsword has disadvantage on its next attack roll before your next tur】."
    },
    {
      "name": "Maul",
      "damage": "2d6 bludgeoning",
      "properties": ["Heavy", "Two-Handed"],
      "mastery": "Topple – The crushing force of a maul can knock foes down. On a hit, you may force a CON save (DC 8 + mod + Prof) or the target falls pron】."
    },
    {
      "name": "Morningstar",
      "damage": "1d8 piercing",
      "properties": [],
      "mastery": "Sap – The spiked head of the morningstar disrupts enemies. On a hit, target has disadvantage on its next attack roll until the start of your next turn."
    },
    {
      "name": "Pike",
      "damage": "1d10 piercing",
      "properties": ["Heavy", "Reach", "Two-Handed"],
      "mastery": "Push – A pike thrust can drive enemies back. On hit, you can push a Large or smaller creature up to 10 feet away from yo】."
    },
    {
      "name": "Rapier",
      "damage": "1d8 piercing",
      "properties": ["Finesse"],
      "mastery": "Vex – A rapier’s precise strike marks a foe. When you hit, you have advantage on your next attack against that creature before end of your next tur】."
    },
    {
      "name": "Scimitar",
      "damage": "1d6 slashing",
      "properties": ["Finesse", "Light"],
      "mastery": "Nick – Nimble scimitar fighting lets you make your off-hand attack as part of the Attack action (once per turn) instead of using a Bonus Action, when fighting with two light weapon】."
    },
    {
      "name": "Shortsword",
      "damage": "1d6 piercing",
      "properties": ["Finesse", "Light"],
      "mastery": "Vex – Striking with a shortsword grants you advantage on your next attack against the same target before your next tur】."
    },
    {
      "name": "Trident",
      "damage": "1d6 piercing (1d8 versatile)",
      "properties": ["Thrown (20/60)", "Versatile"],
      "mastery": "Topple – A solid hit can knock the wind out of foes. On a hit, you may force a CON save (DC based on attack) or knock the target prone (as with other Topple weapons】."
    },
    {
      "name": "War Pick",
      "damage": "1d8 piercing",
      "properties": [],
      "mastery": "Sap – The war pick’s puncturing strike imposes disadvantage on the target’s next attack roll until the start of your next turn (like other Sap weapons】."
    },
    {
      "name": "Warhammer",
      "damage": "1d8 bludgeoning (1d10 versatile)",
      "properties": ["Versatile"],
      "mastery": "Push – A powerful blow can shove a foe back. On hit, you can push a Large or smaller creature up to 10 feet awa】."
    },
    {
      "name": "Whip",
      "damage": "1d4 slashing",
      "properties": ["Finesse", "Reach"],
      "mastery": "Slow – The lash of a whip entangles briefly. A creature hit by a whip has its speed reduced by 10 feet until the start of your next tur】."
    },
    {
      "name": "Blowgun",
      "damage": "1 piercing",
      "properties": ["Ammunition (25/100)", "Loading"],
      "mastery": "Vex – A hit from a blowgun dart marks a target. You have advantage on your next attack roll against that creature before end of your next turn (assuming the creature is affected by the hit, often used with poison】."
    },
    {
      "name": "Crossbow, Hand",
      "damage": "1d6 piercing",
      "properties": ["Ammunition (30/120)", "Light", "Loading"],
      "mastery": "Vex – A well-placed hand crossbow bolt grants you advantage on your next attack against that target before end of next tur】."
    },
    {
      "name": "Crossbow, Heavy",
      "damage": "1d10 piercing",
      "properties": ["Ammunition (100/400)", "Heavy", "Loading", "Two-Handed"],
      "mastery": "Push – The impact of a heavy bolt can knock foes back 10 feet on a hi】 (Large or smaller creatures)."
    },
    {
      "name": "Longbow",
      "damage": "1d8 piercing",
      "properties": ["Ammunition (150/600)", "Heavy", "Two-Handed"],
      "mastery": "Slow – A struck target’s movement is hindered, reducing its speed by 10 feet until the start of your next tur】."
    },
    {
      "name": "Musket",
      "damage": "1d12 piercing",
      "properties": ["Ammunition (120/360)", "Heavy", "Loading", "Two-Handed"],
      "mastery": "Slow – The concussive shot from a musket slows the target by 10 feet until the start of your next tur】."
    },
    {
      "name": "Pistol",
      "damage": "1d10 piercing",
      "properties": ["Ammunition (30/90)", "Light", "Loading"],
      "mastery": "Vex – A bullet from a pistol marks the target, granting advantage on your next attack roll against that creature before end of your next tur】."
    }
  ]
  